{"cameraMode":{"drawMode":0,"name":"Shaded","section":"Shading Mode"},"sceneLighting":false,"audioPlay":false,"sceneViewState":{"showFog":true,"showMaterialUpdate":false,"showSkybox":false,"showFlares":true,"showImageEffects":true,"showParticleSystems":true},"in2DMode":false,"pivot":{"x":-0.003976583480834961,"y":1.5053527355194092,"z":-0.3804522752761841},"rotation":{"x":-0.001055249129422009,"y":0.9882931113243103,"z":-0.15241119265556336,"w":-0.006819119211286306},"size":5.860121250152588,"orthographic":true}