{"cameraMode":{"drawMode":0,"name":"Shaded","section":"Shading Mode"},"sceneLighting":false,"audioPlay":false,"sceneViewState":{"showFog":true,"showMaterialUpdate":false,"showSkybox":false,"showFlares":true,"showImageEffects":true,"showParticleSystems":true},"in2DMode":false,"pivot":{"x":0.0,"y":1.7437174320220948,"z":0.059574514627456668},"rotation":{"x":-0.06901667267084122,"y":0.9223677515983582,"z":-0.19515900313854218,"w":-0.3261709213256836},"size":9.372336387634278,"orthographic":true}