{"cameraMode":{"drawMode":0,"name":"Shaded","section":"Shading Mode"},"sceneLighting":false,"audioPlay":false,"sceneViewState":{"showFog":true,"showMaterialUpdate":false,"showSkybox":false,"showFlares":true,"showImageEffects":true,"showParticleSystems":true},"in2DMode":false,"pivot":{"x":0.028693199157714845,"y":3.904881238937378,"z":0.0026307106018066408},"rotation":{"x":-0.07027340680360794,"y":0.9267370700836182,"z":-0.2194441854953766,"w":-0.2967563569545746},"size":14.061030387878418,"orthographic":true}